itemID,solarSystemID
60012526,30000001
60014437,30000001
60012124,30000005
60012127,30000007
60013861,30000007
60014434,30000007
60012295,30000009
60012304,30000010
60012307,30000010
60012547,30000010
60012292,30000012
60012298,30000014
60012301,30000015
60014071,30000017
60014074,30000017
60013867,30000019
60012541,30000023
60014461,30000023
60013027,30000024
60013030,30000025
60013024,30000030
60014458,30000030
60007573,30000031
60012544,30000032
60012154,30000033
60007576,30000034
60012157,30000034
60007579,30000037
60007582,30000037
60013870,30000037
60012535,30000039
60012172,30000040
60012175,30000040
60014095,30000040
60014098,30000041
60012163,30000044
60012160,30000049
60012949,30000051
60012943,30000052
60012946,30000052
60014137,30000053
60014140,30000055
60012529,30000056
60014407,30000057
60012148,30000059
60014404,30000061
60012151,30000069
60007645,30000071
60007651,30000071
60007654,30000071
60012169,30000072
60014068,30000072
60014425,30000073
60006484,30000074
60006487,30000074
60006493,30000074
60007648,30000074
60014065,30000074
60006490,30000075
60012166,30000075
60014422,30000075
60012553,30000076
60012145,30000082
60012532,30000082
60007561,30000083
60007567,30000083
60013012,30000084
60012142,30000087
60013006,30000087
60013009,30000087
60007564,30000088
60007570,30000088
60012178,30000092
60012181,30000093
60012538,30000098
60013864,30000098
60012136,30000102
60012139,30000103
60012133,30000107
60012550,30000109
60012130,30000111
60014452,30000112
60014455,30000118
60001483,30000119
60001486,30000119
60001537,30000119
60001540,30000119
60001543,30000119
60001546,30000119
60003067,30000119
60004462,30000119
60005593,30000119
60005596,30000119
60005599,30000119
60005608,30000119
60000283,30000120
60001480,30000120
60003061,30000120
60005602,30000120
60000286,30000121
60000289,30000121
60003751,30000121
60005605,30000121
60003064,30000123
60000292,30000126
60003244,30000126
60003394,30000127
60004234,30000127
60003082,30000128
60003226,30000128
60003229,30000128
60003247,30000128
60004240,30000128
60005452,30000128
60005455,30000128
60005458,30000128
60000298,30000129
60003397,30000129
60004228,30000129
60004237,30000129
60005464,30000129
60000295,30000130
60004243,30000130
60005449,30000130
60005461,30000130
60003079,30000131
60003085,30000131
60004231,30000131
60002998,30000132
60003001,30000132
60003151,30000132
60003730,30000132
60004066,30000132
60004366,30000132
60006424,30000132
60000400,30000133
60001807,30000133
60001810,30000133
60002047,30000133
60002050,30000133
60003106,30000133
60004363,30000133
60003109,30000134
60003148,30000134
60006430,30000135
60006433,30000135
60000397,30000136
60003112,30000136
60004360,30000136
60004369,30000136
60003004,30000137
60003007,30000137
60004069,30000137
60004072,30000137
60000394,30000138
60000403,30000138
60006427,30000138
60000367,30000139
60000448,30000139
60003337,30000139
60003454,30000140
60003763,30000140
60014659,30000141
60000361,30000142
60000364,30000142
60000451,30000142
60000463,30000142
60002953,30000142
60002959,30000142
60003055,30000142
60003460,30000142
60003463,30000142
60003466,30000142
60003469,30000142
60003757,30000142
60003760,30000142
60004423,30000142
60000454,30000143
60000457,30000143
60000460,30000143
60000691,30000143
60002950,30000143
60003052,30000143
60003058,30000143
60003457,30000143
60003766,30000143
60003769,30000143
60006883,30000143
60006886,30000143
60000358,30000144
60000685,30000144
60002956,30000144
60003754,30000144
60006880,30000144
60000682,30000145
60000688,30000145
60003334,30000145
60003724,30000145
60014935,30000145
60000649,30000146
60001642,30000146
60002734,30000146
60004048,30000146
60000502,30000147
60001645,30000147
60002746,30000147
60004054,30000147
60000277,30000148
60000505,30000148
60000517,30000148
60001648,30000148
60001651,30000148
60001654,30000148
60002059,30000148
60002062,30000148
60002737,30000148
60002743,30000148
60002749,30000148
60003682,30000148
60003685,30000148
60000274,30000149
60000280,30000149
60000508,30000149
60000511,30000149
60000652,30000149
60002740,30000149
60003676,30000149
60003679,30000149
60001636,30000150
60001639,30000150
60004051,30000150
60001633,30000151
60000514,30000152
60000646,30000152
60000655,30000152
60003670,30000152
60003673,30000152
60001831,30000153
60002437,30000153
60002440,30000153
60002806,30000153
60002809,30000153
60002818,30000153
60003934,30000153
60003937,30000153
60004213,30000153
60004222,30000153
60002428,30000154
60002812,30000154
60003139,30000154
60004216,30000154
60001825,30000156
60001828,30000156
60001834,30000156
60002431,30000156
60002821,30000156
60003136,30000156
60004219,30000156
60004225,30000156
60002434,30000157
60003034,30000157
60003037,30000157
60002443,30000158
60002815,30000158
60003040,30000158
60004210,30000158
60000919,30000159
60004075,30000159
60006856,30000159
60010195,30000159
60010192,30000160
60003049,30000161
60003145,30000161
60003238,30000161
60000916,30000162
60000925,30000162
60001801,30000162
60001804,30000162
60003046,30000162
60003142,30000162
60004081,30000162
60006853,30000162
60000922,30000163
60003043,30000163
60003241,30000163
60004078,30000163
60006859,30000163
60010198,30000163
60010201,30000164
60001873,30000165
60002422,30000165
60002425,30000165
60003349,30000165
60014686,30000165
60001879,30000167
60002284,30000167
60004435,30000167
60001882,30000168
60002281,30000168
60002287,30000168
60001876,30000169
60003208,30000169
60003211,30000170
60002290,30000171
60003346,30000171
60003364,30000173
60004057,30000173
60004063,30000173
60012718,30000173
60000913,30000174
60004060,30000174
60000907,30000175
60002278,30000175
60002854,30000175
60002857,30000175
60012715,30000175
60002272,30000176
60002845,30000176
60000904,30000177
60000910,30000177
60002842,30000177
60002848,30000177
60002269,30000178
60012712,30000178
60002275,30000179
60002851,30000179
60003367,30000179
60000535,30000180
60002359,30000180
60003073,30000180
60004459,30000180
60012667,30000180
60000874,30000181
60001783,30000181
60002353,30000181
60003070,30000181
60003190,30000181
60004444,30000181
60003193,30000182
60013291,30000182
60000523,30000183
60000877,30000183
60002356,30000183
60000520,30000184
60000532,30000184
60000868,30000184
60000871,30000184
60000529,30000185
60002362,30000185
60003076,30000185
60012670,30000185
60012673,30000185
60013288,30000185
60000526,30000187
60001786,30000187
60000301,30000188
60000304,30000188
60000784,30000188
60000790,30000188
60001591,30000188
60001594,30000188
60002236,30000188
60004474,30000188
60007588,30000188
60007591,30000188
60000307,30000189
60000577,30000189
60010822,30000189
60013147,30000189
60000787,30000190
60001585,30000190
60002233,30000190
60007594,30000190
60010819,30000190
60013150,30000190
60000382,30000192
60000391,30000192
60000583,30000192
60000586,30000192
60002242,30000192
60000385,30000193
60000388,30000193
60000574,30000193
60000580,30000193
60000589,30000193
60001588,30000193
60010816,30000193
60013144,30000193
60002239,30000194
60007585,30000194
60013141,30000194
60001621,30000195
60001627,30000195
60001630,30000195
60003175,30000195
60004468,30000195
60001798,30000196
60010456,30000196
60010459,30000196
60001624,30000197
60001795,30000197
60003172,30000200
60000496,30000201
60000973,30000201
60004372,30000201
60004381,30000201
60004426,30000201
60004465,30000201
60007507,30000201
60012313,30000201
60012322,30000201
60002377,30000202
60003178,30000202
60003181,30000202
60007504,30000202
60012310,30000202
60012316,30000202
60012319,30000202
60012325,30000202
60013042,30000202
60013048,30000202
60000493,30000203
60000499,30000203
60002374,30000203
60004378,30000203
60007501,30000203
60000484,30000204
60004375,30000204
60007510,30000204
60000964,30000205
60007495,30000205
60007498,30000205
60013045,30000205
60000487,30000206
60000490,30000206
60000970,30000206
60000967,30000207
60014907,30000296
60014884,30000319
60014861,30000325
60014839,30000380
60014842,30000380
60014845,30000380
60014848,30000380
60014929,30000380
60014930,30000380
60014931,30000380
60014885,30000440
60014908,30000441
60014862,30000480
60014863,30000576
60014886,30000578
60014909,30000586
60014910,30000616
60014887,30000633
60014864,30000638
60014911,30000680
60014888,30000708
60014865,30000714
60014912,30000772
60014889,30000804
60014866,30000811
60014913,30000865
60014890,30000867
60014867,30000895
60014062,30000903
60014377,30000904
60014059,30000905
60014374,30000905
60012187,30001001
60012742,30001001
60012868,30001001
60012745,30001002
60012796,30001002
60012802,30001002
60013051,30001002
60012871,30001003
60012799,30001005
60012184,30001006
60012190,30001006
60012748,30001008
60012196,30001010
60012874,30001010
60012193,30001012
60012805,30001012
60012808,30001012
60012811,30001012
60012877,30001012
60013054,30001013
60012751,30001014
60012199,30001015
60012202,30001016
60012205,30001016
60012757,30001016
60012814,30001016
60012817,30001016
60012820,30001016
60012880,30001016
60012208,30001018
60012883,30001018
60012754,30001021
60013057,30001021
60012217,30001022
60012886,30001024
60012211,30001025
60012829,30001025
60012889,30001025
60012214,30001026
60012763,30001026
60012823,30001026
60012826,30001026
60013060,30001026
60012760,30001027
60012220,30001029
60012226,30001030
60012835,30001030
60012223,30001031
60012766,30001032
60013063,30001032
60012769,30001033
60012832,30001033
60012892,30001033
60012895,30001033
60012838,30001034
60012232,30001037
60012772,30001038
60012841,30001038
60013066,30001038
60012235,30001041
60012898,30001041
60012229,30001042
60012775,30001042
60012844,30001042
60012847,30001042
60012901,30001043
60012241,30001044
60012907,30001044
60012850,30001045
60012853,30001045
60013069,30001045
60012244,30001046
60012856,30001046
60012238,30001047
60012781,30001047
60012778,30001048
60012904,30001048
60014914,30001222
60014891,30001241
60014868,30001256
60012568,30001269
60012571,30001269
60012565,30001274
60012562,30001277
60012556,30001290
60013261,30001290
60012559,30001291
60012577,30001324
60012574,30001329
60000592,30001356
60000601,30001356
60001246,30001356
60001252,30001356
60001255,30001356
60002977,30001356
60003442,30001356
60004264,30001356
60004471,30001356
60005653,30001356
60011152,30001356
60000607,30001357
60001249,30001357
60002980,30001357
60003184,30001357
60005647,30001357
60005650,30001357
60005656,30001357
60011149,30001357
60000598,30001358
60002368,30001358
60002974,30001358
60004267,30001358
60005662,30001358
60011143,30001358
60001780,30001359
60004270,30001359
60005659,30001359
60011146,30001359
60000595,30001360
60000604,30001360
60002983,30001360
60003187,30001360
60001777,30001361
60002371,30001361
60003445,30001361
60000754,30001362
60000757,30001362
60001717,30001362
60001720,30001362
60002416,30001362
60002911,30001362
60000763,30001363
60000844,30001363
60000892,30001363
60000895,30001363
60002419,30001363
60003094,30001363
60003916,30001363
60003925,30001363
60004012,30001363
60004018,30001363
60000760,30001364
60000901,30001364
60002896,30001364
60002908,30001364
60003919,30001364
60003931,30001364
60000841,30001365
60002014,30001365
60002902,30001365
60002905,30001365
60003088,30001365
60003928,30001365
60004015,30001365
60004021,30001365
60007675,30001365
60011497,30001365
60011503,30001365
60002011,30001366
60007672,30001366
60011500,30001366
60014671,30001366
60000838,30001367
60000898,30001367
60001723,30001367
60001726,30001367
60002899,30001367
60003091,30001367
60003922,30001367
60007669,30001367
60007678,30001367
60000352,30001368
60004027,30001368
60004291,30001368
60004294,30001368
60013105,30001368
60000709,30001369
60000955,30001369
60000958,30001369
60004030,30001369
60013108,30001369
60000346,30001370
60004033,30001371
60004297,30001371
60013111,30001371
60000355,30001372
60000706,30001372
60000712,30001372
60000952,30001372
60000961,30001372
60004024,30001372
60000349,30001373
60000715,30001373
60013114,30001373
60000373,30001374
60001663,30001374
60002971,30001374
60003361,30001374
60000379,30001375
60001657,30001375
60002965,30001375
60003358,30001375
60003829,30001375
60000376,30001376
60001660,30001376
60002962,30001376
60003220,30001376
60003223,30001376
60003298,30001376
60003301,30001376
60003832,30001376
60003835,30001376
60003841,30001376
60003946,30001376
60003949,30001376
60015133,30001376
60001666,30001377
60003838,30001377
60002968,30001378
60000370,30001379
60003826,30001379
60001711,30001380
60002038,30001380
60002407,30001380
60012328,30001380
60002884,30001381
60004282,30001381
60012337,30001381
60002404,30001382
60002893,30001382
60004285,30001382
60004288,30001382
60001708,30001383
60002878,30001383
60002890,30001383
60003415,30001383
60001705,30001384
60002035,30001384
60002881,30001384
60002887,30001384
60003736,30001384
60012331,30001384
60012340,30001384
60012343,30001384
60001714,30001385
60003412,30001385
60012334,30001385
60000334,30001386
60002386,30001386
60002389,30001386
60004246,30001386
60004252,30001386
60004273,30001386
60007606,30001386
60014527,30001386
60014533,30001386
60000337,30001387
60000343,30001387
60003739,30001387
60004255,30001387
60004279,30001387
60001462,30001389
60001468,30001389
60004432,30001389
60007597,30001389
60001816,30001390
60002926,30001390
60002929,30001390
60002932,30001390
60002935,30001390
60004249,30001390
60007600,30001390
60007603,30001390
60014530,30001390
60000340,30001391
60001465,30001391
60001813,30001391
60004258,30001391
60004261,30001391
60004276,30001391
60014662,30001391
60004450,30001392
60002065,30001393
60003154,30001393
60003424,30001393
60003964,30001393
60007555,30001393
60000766,30001394
60001576,30001394
60001582,30001394
60002068,30001394
60002071,30001394
60002074,30001394
60003733,30001394
60003967,30001394
60003970,30001394
60005140,30001394
60005146,30001394
60007549,30001394
60001768,30001395
60003157,30001395
60003322,30001395
60003325,30001395
60003427,30001395
60005143,30001395
60000772,30001396
60005137,30001396
60000769,30001397
60001573,30001397
60001579,30001397
60001765,30001397
60002392,30001397
60002395,30001397
60007552,30001397
60007558,30001397
60000319,30001398
60002008,30001398
60002365,30001398
60003868,30001398
60004009,30001398
60007384,30001398
60000256,30001399
60000271,30001399
60000310,30001399
60002305,30001399
60004003,30001399
60007372,30001399
60007375,30001399
60000733,30001400
60002920,30001400
60002923,30001400
60003124,30001400
60003877,30001400
60006844,30001400
60007369,30001400
60000259,30001401
60000262,30001401
60000268,30001401
60000730,30001401
60000976,30001401
60000982,30001401
60000985,30001401
60000988,30001401
60000991,30001401
60001516,30001401
60001519,30001401
60002308,30001401
60002311,30001401
60002917,30001401
60003127,30001401
60003862,30001401
60003871,30001401
60003874,30001401
60004000,30001401
60004006,30001401
60006847,30001401
60007381,30001401
60002005,30001402
60002314,30001402
60006850,30001402
60007378,30001402
60000265,30001403
60000313,30001403
60000316,30001403
60000736,30001403
60000739,30001403
60000979,30001403
60001522,30001403
60002914,30001403
60003742,30001403
60003865,30001403
60000475,30001404
60000481,30001404
60000811,30001404
60000814,30001404
60001429,30001404
60001432,30001404
60002245,30001404
60002803,30001404
60003430,30001404
60003940,30001404
60003943,30001404
60002248,30001405
60002797,30001405
60003880,30001405
60003889,30001405
60003892,30001405
60003895,30001405
60004402,30001405
60004405,30001405
60002251,30001406
60002254,30001406
60002800,30001406
60003433,30001406
60004420,30001407
60000472,30001408
60002788,30001408
60003199,30001408
60004399,30001408
60000466,30001409
60000469,30001409
60000478,30001409
60000817,30001409
60001426,30001409
60002791,30001409
60002794,30001409
60003196,30001409
60003883,30001409
60003886,30001409
60004396,30001409
60001549,30001410
60001558,30001410
60003745,30001410
60002017,30001411
60011176,30001411
60014680,30001411
60001552,30001412
60002020,30001412
60003388,30001412
60010438,30001413
60010441,30001413
60011170,30001413
60011173,30001413
60001555,30001414
60003391,30001414
60011167,30001414
60000775,30001418
60000778,30001418
60000781,30001418
60003013,30001418
60003019,30001418
60003409,30001418
60013180,30001418
60003010,30001419
60003016,30001419
60013186,30001419
60003991,30001420
60001738,30001421
60003994,30001421
60001732,30001422
60013177,30001422
60001729,30001423
60001735,30001423
60003406,30001423
60003997,30001423
60013183,30001423
60000940,30001424
60000943,30001424
60002317,30001424
60002323,30001424
60003982,30001424
60004039,30001424
60004207,30001424
60004342,30001424
60002320,30001425
60003985,30001425
60004198,30001425
60004339,30001425
60004345,30001425
60000949,30001426
60003988,30001426
60004192,30001426
60004195,30001426
60004204,30001428
60004336,30001428
60000946,30001429
60002326,30001429
60004036,30001429
60004042,30001429
60004045,30001429
60004201,30001429
60002053,30001430
60003955,30001430
60010807,30001430
60010810,30001430
60010813,30001430
60000802,30001432
60002056,30001432
60003952,30001432
60004429,30001432
60014674,30001432
60000808,30001433
60015134,30001434
60000805,30001436
60001672,30001437
60002341,30001437
60002344,30001437
60002347,30001437
60002398,30001437
60002401,30001437
60003958,30001437
60003973,30001437
60009886,30001437
60009889,30001437
60009901,30001437
60013204,30001437
60013210,30001437
60001669,30001438
60002350,30001438
60003976,30001438
60013207,30001438
60001675,30001439
60001678,30001439
60002941,30001439
60003961,30001439
60003232,30001440
60009895,30001440
60002938,30001441
60002944,30001441
60002947,30001441
60003235,30001441
60013201,30001441
60003979,30001442
60009892,30001442
60009898,30001442
60000823,30001443
60001498,30001443
60001504,30001443
60002164,30001443
60002170,30001443
60003601,30001443
60003613,30001443
60003814,30001443
60004138,30001443
60004144,30001443
60004147,30001443
60004447,30001443
60001501,30001444
60002167,30001444
60003598,30001444
60003817,30001444
60003820,30001444
60004141,30001444
60004150,30001445
60004477,30001445
60003604,30001446
60003607,30001446
60003811,30001446
60003823,30001446
60004153,30001446
60000826,30001447
60000820,30001448
60002161,30001448
60003610,30001448
60003808,30001448
60013606,30001449
60014023,30001449
60014020,30001452
60013600,30001453
60013603,30001453
60013891,30001462
60013894,30001463
60014029,30001469
60014026,30001470
60013921,30001473
60013924,30001478
60014851,30001479
60013555,30001480
60013558,30001480
60013561,30001480
60013645,30001480
60013654,30001480
60013660,30001480
60013873,30001480
60013876,30001480
60013999,30001480
60014470,30001480
60013264,30001481
60013657,30001481
60013996,30001481
60014854,30001482
60013648,30001483
60013651,30001483
60013081,30001484
60013084,30001484
60014464,30001484
60013087,30001485
60013090,30001485
60013267,30001485
60014467,30001485
60013699,30001487
60013702,30001487
60013708,30001487
60013711,30001488
60013714,30001489
60013705,30001490
60013573,30001492
60013576,30001496
60013789,30001496
60013801,30001496
60013795,30001497
60013579,30001499
60013792,30001499
60013798,30001499
60013804,30001499
60013807,30001500
60014014,30001500
60013813,30001501
60014017,30001501
60013816,30001502
60013819,30001502
60013810,30001503
60013822,30001503
60013909,30001505
60013912,30001505
60013630,30001507
60014038,30001507
60014041,30001507
60013627,30001508
60013633,30001508
60013621,30001513
60014002,30001513
60013618,30001514
60013624,30001515
60014005,30001515
60013597,30001518
60013717,30001518
60013723,30001518
60013594,30001519
60013888,30001519
60013729,30001521
60013885,30001521
60013591,30001524
60013720,30001524
60013726,30001524
60013732,30001525
60013897,30001599
60014032,30001599
60013615,30001600
60014035,30001602
60013609,30001603
60013612,30001603
60013900,30001603
60013780,30001604
60013774,30001607
60013783,30001607
60013879,30001607
60013771,30001608
60013777,30001608
60013882,30001608
60013786,30001609
60013738,30001611
60013750,30001611
60013927,30001611
60014044,30001611
60014047,30001611
60013735,30001613
60013747,30001615
60013741,30001616
60013744,30001616
60013930,30001617
60013582,30001624
60013759,30001624
60013762,30001624
60013918,30001625
60013765,30001626
60013756,30001627
60013588,30001628
60013915,30001628
60014008,30001628
60014011,30001628
60013585,30001629
60013753,30001629
60013768,30001630
60013564,30001631
60013681,30001631
60013687,30001631
60013693,30001631
60013696,30001631
60013570,30001632
60013684,30001632
60013567,30001633
60013690,30001633
60013639,30001637
60013666,30001637
60013672,30001637
60013642,30001638
60013678,30001638
60013663,30001639
60013675,30001639
60013906,30001640
60014050,30001640
60014053,30001641
60013903,30001642
60013636,30001643
60013669,30001643
60001078,30001644
60001081,30001644
60003307,30001644
60010492,30001644
60013033,30001644
60013036,30001644
60001069,30001645
60001066,30001646
60001075,30001646
60010495,30001646
60013039,30001646
60003304,30001648
60001072,30001649
60009298,30001650
60007618,30001651
60008767,30001651
60008773,30001651
60007612,30001652
60009292,30001652
60009289,30001653
60009295,30001653
60009301,30001653
60007609,30001654
60008770,30001654
60009286,30001654
60007615,30001655
60003628,30001657
60008422,30001658
60003631,30001659
60003616,30001660
60003619,30001660
60003622,30001660
60008419,30001660
60003625,30001661
60008416,30001661
60008425,30001661
60006598,30001662
60007087,30001662
60008881,30001662
60006601,30001663
60007075,30001664
60007078,30001664
60007084,30001664
60008878,30001664
60008884,30001664
60006604,30001666
60007081,30001666
60007090,30001667
60008887,30001668
60000196,30001669
60001084,30001669
60006220,30001669
60006226,30001669
60006232,30001669
60012982,30001669
60001087,30001670
60001090,30001670
60001099,30001670
60002185,30001670
60002188,30001670
60002191,30001670
60006229,30001670
60006580,30001670
60006586,30001670
60007519,30001670
60008230,30001670
60001096,30001671
60002485,30001671
60002491,30001671
60002497,30001671
60006154,30001671
60008758,30001671
60008764,30001671
60012985,30001671
60007702,30001672
60000184,30001673
60002194,30001673
60002494,30001673
60006223,30001673
60006583,30001673
60007513,30001673
60000187,30001674
60000190,30001674
60000193,30001674
60000199,30001674
60001093,30001674
60002482,30001674
60002488,30001674
60006148,30001674
60006151,30001674
60006157,30001674
60006235,30001674
60007516,30001674
60007522,30001674
60008224,30001674
60008227,30001674
60008233,30001674
60008761,30001674
60012979,30001674
60006727,30001676
60006730,30001676
60007315,30001676
60007318,30001676
60008521,30001676
60008527,30001676
60006724,30001677
60008518,30001677
60006733,30001678
60007321,30001678
60007330,30001678
60007324,30001679
60007327,30001679
60008524,30001679
60010843,30001681
60010846,30001681
60013345,30001681
60013129,30001682
60013132,30001682
60010849,30001683
60013138,30001685
60013342,30001685
60014635,30001685
60013135,30001686
60008026,30001687
60008779,30001688
60008974,30001688
60008980,30001688
60007423,30001689
60007429,30001689
60008776,30001689
60012964,30001689
60008020,30001690
60008029,30001690
60008782,30001690
60008977,30001690
60008983,30001690
60012967,30001690
60008023,30001692
60007426,30001693
60007432,30001693
60007435,30001693
60007438,30001693
60012961,30001693
60007312,30001694
60002083,30001695
60007297,30001695
60007306,30001695
60007636,30001695
60009979,30001695
60009985,30001695
60009988,30001695
60002077,30001696
60002086,30001696
60009976,30001696
60009982,30001696
60007300,30001697
60007639,30001697
60009991,30001697
60002080,30001698
60007309,30001698
60011302,30001698
60007303,30001699
60007633,30001699
60007642,30001699
60008785,30001699
60008788,30001699
60008791,30001699
60011299,30001699
60011305,30001699
60011308,30001699
60008332,30001700
60008335,30001700
60008338,30001700
60008341,30001700
60007999,30001701
60008002,30001701
60008005,30001702
60001900,30001703
60001903,30001703
60001906,30001703
60007996,30001703
60010504,30001703
60001897,30001705
60010507,30001705
60013168,30001708
60013171,30001708
60007132,30001709
60007144,30001709
60007141,30001710
60007138,30001711
60013174,30001712
60007135,30001713
60013165,30001713
60007129,30001715
60014620,30001715
60006964,30001716
60009079,30001716
60009073,30001718
60009076,30001718
60009085,30001718
60014644,30001718
60006961,30001719
60009082,30001719
60009070,30001721
60015051,30001722
60005101,30001723
60005104,30001723
60011161,30001724
60011164,30001724
60014605,30001724
60011386,30001725
60005110,30001726
60011158,30001726
60005107,30001727
60011155,30001727
60011380,30001728
60011383,30001728
60000220,30001729
60000232,30001729
60002446,30001729
60002452,30001729
60006694,30001729
60002455,30001730
60006697,30001730
60007240,30001730
60008047,30001730
60000226,30001731
60000235,30001731
60007237,30001731
60008050,30001731
60000223,30001732
60002458,30001732
60002461,30001732
60006688,30001732
60008053,30001732
60000229,30001733
60002449,30001733
60006592,30001733
60006691,30001733
60008044,30001733
60014653,30001733
60006589,30001734
60006595,30001734
60006607,30001735
60007216,30001735
60006610,30001736
60006613,30001737
60007213,30001738
60014326,30001831
60014329,30001833
60014221,30001840
60014224,30001842
60014227,30001842
60014350,30001842
60014353,30001842
60014230,30001847
60014233,30001847
60014305,30001847
60014236,30001848
60014302,30001848
60014182,30001852
60014176,30001854
60014356,30001854
60014179,30001855
60014359,30001855
60014266,30001858
60014269,30001858
60014272,30001866
60014149,30001868
60014152,30001868
60014155,30001868
60014284,30001868
60014287,30001868
60014164,30001873
60014158,30001874
60014161,30001874
60014293,30001874
60014290,30001878
60014206,30001881
60014203,30001883
60014209,30001883
60014296,30001884
60014299,30001886
60014341,30001888
60014338,30001889
60014185,30001894
60014188,30001896
60014191,30001897
60014317,30001900
60014257,30001901
60014263,30001901
60014314,30001901
60014260,30001902
60014167,30001907
60014170,30001907
60014173,30001907
60014371,30001907
60014368,30001910
60014311,30001911
60014245,30001914
60014242,30001918
60014308,30001920
60014239,30001922
60014335,30001924
60014332,30001930
60014218,30001931
60014212,30001932
60014215,30001932
60014278,30001938
60014275,30001939
60014344,30001939
60014347,30001945
60014281,30001946
60014362,30001950
60014248,30001951
60014254,30001951
60014251,30001952
60014365,30001952
60014194,30001958
60014197,30001959
60014200,30001961
60014320,30001961
60014323,30001962
60012598,30001977
60012595,30001978
60013075,30001978
60014056,30001978
60012601,30001983
60013078,30001983
60012580,30002005
60005770,30002048
60005773,30002048
60005785,30002048
60002545,30002049
60005239,30002049
60005242,30002049
60005245,30002049
60005776,30002049
60005233,30002050
60005248,30002050
60005683,30002050
60005689,30002050
60005782,30002050
60002536,30002051
60002539,30002051
60002548,30002051
60004519,30002051
60004522,30002051
60011290,30002051
60014770,30002051
60015141,30002051
60002542,30002052
60002551,30002052
60005779,30002052
60011293,30002052
60011296,30002052
60004516,30002053
60005236,30002053
60005686,30002053
60011287,30002053
60015140,30002053
60004903,30002055
60005701,30002055
60005707,30002055
60015104,30002055
60004891,30002056
60004897,30002057
60004900,30002057
60005704,30002057
60015099,30002057
60004888,30002058
60014134,30002058
60004894,30002059
60014131,30002059
60015098,30002059
60001141,30002060
60001147,30002060
60001150,30002060
60004852,30002060
60004858,30002060
60005002,30002060
60005710,30002060
60005713,30002060
60012970,30002060
60004864,30002061
60004996,30002061
60015103,30002061
60012976,30002062
60014836,30002062
60004855,30002063
60005716,30002063
60001144,30002065
60001153,30002065
60004861,30002065
60004867,30002065
60005005,30002065
60012973,30002065
60014143,30002065
60001138,30002067
60004999,30002067
60014146,30002067
60004543,30002068
60004546,30002068
60004549,30002068
60014806,30002068
60007294,30002069
60012622,30002069
60007279,30002071
60007285,30002071
60012628,30002072
60012625,30002074
60007282,30002075
60007288,30002075
60007291,30002075
60004525,30002076
60004531,30002076
60004693,30002076
60004840,30002076
60004846,30002076
60014758,30002076
60001996,30002077
60001999,30002077
60004684,30002077
60004690,30002077
60004849,30002077
60004843,30002078
60011434,30002078
60011440,30002078
60002002,30002079
60004687,30002079
60004837,30002079
60001993,30002080
60004528,30002080
60004834,30002080
60006085,30002080
60006082,30002081
60011437,30002081
60005113,30002082
60005395,30002082
60005398,30002082
60006025,30002082
60006031,30002082
60006037,30002082
60009088,30002082
60009097,30002082
60010414,30002082
60010417,30002082
60014800,30002082
60015100,30002082
60005122,30002083
60005410,30002083
60005698,30002083
60009100,30002083
60005401,30002084
60006028,30002084
60009094,30002084
60004723,30002086
60005119,30002086
60005692,30002086
60006022,30002086
60005116,30002087
60005695,30002087
60006034,30002087
60014821,30002087
60004720,30002088
60009103,30002088
60004726,30002089
60004729,30002089
60005404,30002089
60005407,30002089
60009091,30002089
60002125,30002090
60002134,30002090
60004540,30002090
60010522,30002090
60013237,30002090
60014767,30002090
60004534,30002091
60010525,30002091
60014788,30002092
60002128,30002093
60013240,30002093
60013246,30002093
60004537,30002094
60015096,30002094
60002131,30002095
60013243,30002095
60015097,30002095
60004762,30002097
60004765,30002097
60004768,30002097
60004774,30002097
60005269,30002097
60005896,30002097
60005908,30002097
60005911,30002097
60010474,30002097
60010477,30002098
60015102,30002098
60004981,30002099
60005272,30002099
60005899,30002099
60005902,30002099
60004771,30002100
60004777,30002100
60005278,30002100
60004975,30002101
60005275,30002101
60005905,30002101
60004972,30002102
60004978,30002102
60005281,30002102
60005284,30002102
60015101,30002102
60014869,30002141
60014892,30002163
60014915,30002175
60002569,30002187
60008494,30002187
60008950,30002187
60002557,30002188
60002563,30002188
60008956,30002188
60008488,30002189
60002554,30002190
60005860,30002190
60008500,30002190
60010558,30002190
60010561,30002190
60010714,30002190
60005866,30002191
60008503,30002191
60008953,30002191
60008959,30002191
60010717,30002191
60008491,30002192
60005872,30002193
60008497,30002193
60002560,30002195
60002566,30002195
60005863,30002195
60005869,30002195
60005875,30002195
60005668,30002197
60005680,30002197
60006463,30002197
60007738,30002197
60007771,30002197
60007888,30002197
60008134,30002197
60005671,30002198
60006466,30002198
60006469,30002198
60007156,30002198
60007732,30002198
60007777,30002198
60007897,30002198
60008254,30002198
60008257,30002198
60007153,30002199
60008128,30002199
60008752,30002199
60001024,30002200
60007147,30002200
60007150,30002200
60007159,30002200
60007894,30002200
60008248,30002200
60008251,30002200
60007162,30002201
60007768,30002201
60008131,30002201
60008137,30002201
60008755,30002201
60005674,30002202
60007735,30002202
60008749,30002202
60001012,30002203
60001015,30002203
60001018,30002203
60001021,30002203
60001027,30002203
60005665,30002203
60005677,30002203
60006460,30002203
60007774,30002203
60007891,30002203
60005161,30002204
60005164,30002204
60005170,30002206
60005167,30002209
60008740,30002210
60007225,30002211
60007228,30002215
60008743,30002215
60008746,30002216
60008041,30002220
60008032,30002224
60008035,30002224
60008038,30002224
60007762,30002226
60007765,30002226
60006100,30002228
60006106,30002228
60010792,30002228
60006103,30002230
60007699,30002230
60010789,30002230
60007693,30002231
60008722,30002231
60007759,30002232
60006109,30002233
60008725,30002233
60008728,30002233
60010795,30002234
60007696,30002235
60012937,30002242
60005473,30002244
60005467,30002245
60012940,30002246
60005470,30002247
60005476,30002247
60005482,30002248
60005479,30002249
60012934,30002249
60008089,30002252
60008932,30002252
60010240,30002252
60010243,30002252
60010246,30002252
60010249,30002252
60008935,30002253
60008080,30002254
60008086,30002254
60008926,30002254
60008929,30002254
60008083,30002256
60007165,30002258
60007174,30002258
60007171,30002259
60008731,30002259
60012958,30002259
60012952,30002260
60007168,30002261
60007177,30002262
60007180,30002262
60008734,30002262
60008737,30002262
60012955,30002262
60006316,30002263
60007750,30002263
60008998,30002263
60009004,30002263
60006313,30002264
60007756,30002265
60009007,30002265
60007753,30002266
60006310,30002267
60006319,30002267
60006322,30002268
60006325,30002268
60009001,30002268
60006259,30002269
60006265,30002269
60008920,30002269
60008914,30002270
60013294,30002270
60014608,30002270
60006256,30002271
60006262,30002271
60008917,30002272
60006268,30002275
60006271,30002275
60008923,30002275
60013297,30002275
60007747,30002276
60002668,30002277
60008371,30002277
60008377,30002277
60002671,30002278
60007210,30002278
60007741,30002278
60008368,30002279
60002665,30002281
60002674,30002281
60002677,30002281
60007207,30002281
60007744,30002281
60002662,30002282
60008374,30002282
60006496,30002383
60004807,30002384
60004810,30002384
60005341,30002384
60005344,30002384
60005350,30002384
60005356,30002384
60005764,30002384
60005767,30002384
60007261,30002384
60007264,30002384
60007276,30002384
60004552,30002385
60004813,30002385
60006070,30002385
60006499,30002385
60006505,30002385
60014383,30002385
60004555,30002386
60004558,30002386
60004801,30002386
60004804,30002386
60005353,30002386
60005761,30002386
60007267,30002386
60007270,30002386
60014380,30002386
60014752,30002386
60004798,30002387
60006073,30002388
60007273,30002388
60005347,30002389
60006502,30002389
60003715,30002390
60003718,30002390
60004582,30002390
60004912,30002390
60004915,30002390
60004921,30002390
60014815,30002390
60004585,30002391
60004918,30002391
60003709,30002392
60004906,30002392
60004909,30002392
60003706,30002393
60003712,30002393
60003721,30002393
60004579,30002393
60014761,30002393
60002686,30002396
60002680,30002397
60002689,30002397
60004570,30002398
60004573,30002398
60004576,30002398
60002683,30002399
60002692,30002399
60002695,30002399
60014428,30002399
60014431,30002399
60004792,30002402
60004795,30002402
60012457,30002402
60012460,30002402
60014395,30002402
60004786,30002404
60012454,30002404
60012469,30002404
60014824,30002404
60004780,30002405
60004783,30002406
60004789,30002406
60012463,30002406
60014392,30002406
60012466,30002407
60004651,30002411
60004654,30002412
60004657,30002412
60013321,30002412
60004648,30002413
60013318,30002413
60000076,30002414
60000082,30002414
60000088,30002414
60000091,30002414
60004567,30002414
60004879,30002414
60004885,30002414
60010183,30002414
60012418,30002414
60012430,30002414
60012433,30002414
60000079,30002415
60004876,30002415
60005359,30002415
60005365,30002415
60005371,30002415
60005374,30002415
60010180,30002415
60004873,30002418
60010186,30002418
60010189,30002418
60004564,30002419
60004882,30002419
60012421,30002419
60000085,30002420
60004561,30002420
60004870,30002420
60005362,30002420
60005368,30002420
60012424,30002420
60012427,30002420
60012730,30002423
60012733,30002423
60014779,30002505
60005047,30002506
60004591,30002507
60005044,30002507
60005728,30002507
60009121,30002507
60015139,30002507
60005050,30002508
60007477,30002508
60007480,30002508
60007483,30002508
60007486,30002508
60007489,30002508
60007492,30002508
60009118,30002508
60009109,30002509
60009112,30002509
60009115,30002509
60004588,30002510
60004594,30002510
60005725,30002510
60009106,30002510
60012721,30002510
60012724,30002510
60012727,30002510
60005731,30002511
60000160,30002512
60000163,30002512
60005086,30002512
60010078,30002512
60000148,30002513
60010066,30002513
60010072,30002513
60005080,30002514
60010069,30002514
60000154,30002515
60005083,30002515
60010081,30002515
60015095,30002515
60010075,30002516
60010408,30002516
60015094,30002516
60000151,30002517
60000157,30002517
60005077,30002517
60010411,30002517
60015053,30002518
60004984,30002519
60004990,30002519
60014755,30002520
60004987,30002521
60004993,30002521
60004618,30002524
60004615,30002526
60014401,30002527
60014833,30002527
60004621,30002528
60014398,30002529
60001108,30002531
60006046,30002531
60010537,30002531
60014791,30002531
60001102,30002532
60001105,30002532
60010702,30002533
60014773,30002533
60001117,30002534
60006049,30002534
60010705,30002534
60001111,30002535
60010534,30002535
60001114,30002536
60002590,30002537
60002596,30002537
60002599,30002537
60004597,30002537
60004603,30002537
60004816,30002537
60004819,30002537
60004822,30002537
60004831,30002537
60005035,30002537
60005038,30002537
60007333,30002537
60007339,30002537
60007342,30002537
60007345,30002537
60007684,30002537
60007687,30002537
60007690,30002537
60014827,30002537
60005755,30002538
60005758,30002538
60002593,30002539
60002602,30002539
60007336,30002539
60002605,30002540
60007681,30002540
60004828,30002541
60005032,30002541
60005041,30002541
60015093,30002541
60004600,30002542
60004825,30002542
60005752,30002542
60007348,30002542
60004756,30002543
60005017,30002543
60005062,30002543
60010048,30002543
60010057,30002543
60011410,30002543
60004744,30002544
60004747,30002544
60005053,30002544
60005059,30002544
60010051,30002544
60004609,30002545
60004612,30002545
60004759,30002545
60005014,30002545
60005056,30002545
60005734,30002545
60005737,30002545
60010054,30002545
60010060,30002545
60004750,30002546
60005008,30002546
60005740,30002546
60011407,30002546
60011413,30002546
60014749,30002547
60004606,30002548
60004753,30002548
60005011,30002548
60010063,30002548
60005848,30002549
60006055,30002549
60005845,30002551
60005851,30002551
60005854,30002551
60005857,30002551
60011185,30002551
60005842,30002552
60006052,30002552
60011188,30002552
60011182,30002553
60011179,30002554
60004960,30002556
60014389,30002557
60004963,30002558
60010168,30002558
60010171,30002558
60004969,30002559
60010174,30002559
60004966,30002560
60010177,30002560
60014386,30002560
60014797,30002560
60001840,30002562
60001843,30002562
60001846,30002562
60004678,30002562
60009958,30002562
60009961,30002562
60009964,30002562
60009973,30002562
60014764,30002562
60004672,30002563
60004681,30002563
60004675,30002564
60001837,30002566
60009967,30002566
60009970,30002566
60006535,30002568
60010291,30002568
60010297,30002568
60004735,30002569
60010294,30002569
60004732,30002571
60006541,30002571
60010288,30002571
60013234,30002571
60014110,30002571
60004741,30002572
60006532,30002572
60006538,30002572
60013231,30002572
60014107,30002572
60004738,30002573
60005743,30002573
60005746,30002573
60005749,30002573
60013225,30002573
60013228,30002573
60013309,30002574
60010852,30002575
60010855,30002575
60014443,30002575
60006472,30002577
60006475,30002578
60006478,30002578
60006481,30002578
60010858,30002578
60013306,30002578
60014440,30002580
60014916,30002593
60014870,30002617
60014893,30002630
60014740,30002634
60011926,30002635
60011923,30002636
60009598,30002637
60009601,30002639
60009586,30002641
60009589,30002641
60009592,30002641
60009595,30002641
60011929,30002641
60010387,30002642
60009391,30002643
60009394,30002643
60010384,30002643
60010381,30002645
60012034,30002645
60009397,30002646
60012031,30002646
60012037,30002646
60009388,30002647
60012028,30002647
60000025,30002648
60000034,30002648
60014743,30002648
60000022,30002650
60000037,30002650
60011584,30002650
60000028,30002654
60000031,30002654
60009682,30002655
60009685,30002655
60011875,30002655
60011983,30002656
60011872,30002657
60009676,30002658
60001864,30002659
60001867,30002659
60011866,30002659
60001861,30002660
60001870,30002660
60009679,30002660
60009688,30002660
60009691,30002660
60011860,30002660
60011863,30002660
60011869,30002660
60011977,30002660
60011980,30002660
60010582,30002662
60011716,30002663
60012043,30002663
60012046,30002663
60014734,30002663
60010585,30002664
60011713,30002664
60012040,30002665
60011710,30002666
60012049,30002666
60011719,30002667
60010894,30002668
60001216,30002670
60001222,30002670
60001318,30002670
60002095,30002670
60010888,30002670
60001213,30002671
60001225,30002671
60001321,30002671
60001327,30002671
60001219,30002672
60001324,30002672
60002089,30002672
60002092,30002672
60002098,30002672
60009367,30002672
60010891,30002672
60011593,30002672
60013324,30002672
60013327,30002672
60014548,30002672
60014551,30002672
60001210,30002673
60009370,30002673
60009373,30002673
60009364,30002674
60014545,30002675
60001264,30002676
60005614,30002676
60005620,30002676
60005623,30002676
60010606,30002676
60010609,30002676
60001261,30002677
60011431,30002677
60001267,30002679
60005611,30002679
60011425,30002679
60001258,30002680
60010450,30002680
60011428,30002680
60005617,30002681
60003259,30002683
60005626,30002683
60003256,30002684
60010453,30002684
60006544,30002685
60006553,30002685
60010666,30002685
60014692,30002685
60002626,30002686
60002629,30002686
60002632,30002686
60002635,30002686
60006550,30002686
60002641,30002687
60010669,30002687
60006547,30002688
60002638,30002689
60014857,30002691
60014860,30002691
60010348,30002692
60010351,30002692
60010948,30002692
60011029,30002692
60011038,30002692
60011263,30002692
60011788,30002692
60011797,30002692
60011800,30002692
60010345,30002693
60010804,30002693
60011026,30002693
60011578,30002693
60011794,30002693
60010945,30002694
60011023,30002695
60011266,30002695
60011791,30002695
60003328,30002696
60003331,30002696
60010942,30002696
60011032,30002696
60011035,30002696
60011542,30002696
60011545,30002696
60010798,30002697
60010801,30002697
60011803,30002697
60011269,30002698
60011272,30002698
60003292,30002699
60005794,30002699
60009415,30002699
60009421,30002699
60011677,30002699
60011680,30002699
60011683,30002699
60003295,30002700
60005194,30002700
60009418,30002700
60011674,30002701
60005788,30002703
60005800,30002703
60009412,30002703
60005191,30002704
60005791,30002704
60005797,30002704
60005803,30002704
60005185,30002705
60005188,30002705
60009034,30002706
60009049,30002706
60009757,30002706
60010726,30002706
60010732,30002706
60010729,30002707
60003565,30002708
60003577,30002708
60009043,30002709
60009754,30002709
60010600,30002709
60009040,30002710
60009760,30002710
60003562,30002711
60003568,30002711
60003571,30002711
60003574,30002711
60009037,30002711
60009046,30002711
60009763,30002711
60010510,30002711
60010513,30002711
60010603,30002711
60014509,30002711
60014512,30002711
60014515,30002711
60003559,30002712
60011131,30002712
60003544,30002714
60003547,30002714
60003550,30002714
60003553,30002714
60003556,30002714
60011566,30002715
60011137,30002716
60011134,30002717
60011140,30002717
60009340,30002718
60009343,30002718
60010321,30002718
60010324,30002718
60010624,30002718
60014716,30002718
60009346,30002719
60010318,30002719
60012112,30002720
60009349,30002721
60012118,30002721
60012121,30002721
60012115,30002722
60010627,30002723
60012502,30002724
60013303,30002724
60012490,30002725
60012499,30002725
60013300,30002725
60012505,30002726
60012496,30002728
60012493,30002730
60002476,30002731
60011848,30002731
60002479,30002732
60010930,30002732
60011854,30002732
60002464,30002733
60002470,30002733
60002473,30002733
60011554,30002733
60011557,30002733
60011857,30002733
60010924,30002734
60011851,30002734
60002467,30002735
60011842,30002735
60011845,30002735
60010927,30002736
60002293,30002737
60002296,30002738
60003898,30002738
60003910,30002738
60001561,30002739
60001564,30002739
60001567,30002739
60001570,30002739
60002299,30002739
60003352,30002739
60003355,30002739
60003904,30002739
60003907,30002739
60004387,30002739
60004393,30002739
60004453,30002739
60003217,30002740
60003286,30002740
60003289,30002740
60003913,30002740
60004384,30002740
60004390,30002740
60010570,30002740
60010573,30002740
60014665,30002740
60002302,30002741
60003214,30002741
60003901,30002741
60004114,30002743
60000322,30002744
60002383,30002744
60003523,30002744
60004102,30002744
60004105,30002744
60004111,30002744
60004117,30002744
60002380,30002745
60003514,30002745
60000325,30002746
60003508,30002746
60003511,30002746
60004108,30002746
60003520,30002747
60000328,30002748
60000331,30002748
60003517,30002748
60001756,30002749
60003727,30002750
60010540,30002750
60010543,30002750
60001753,30002751
60001759,30002751
60002026,30002751
60003160,30002751
60003163,30002751
60003403,30002751
60004324,30002751
60004327,30002751
60004330,30002751
60004333,30002751
60003400,30002752
60001762,30002753
60003370,30002753
60002023,30002754
60003373,30002754
60001597,30002755
60001606,30002755
60002029,30002755
60002032,30002755
60004312,30002755
60014677,30002755
60015067,30002755
60001600,30002756
60001603,30002756
60003385,30002756
60003439,30002756
60004321,30002756
60015071,30002756
60004318,30002757
60003382,30002759
60003436,30002759
60004315,30002760
60002866,30002762
60002872,30002762
60002875,30002762
60012511,30002762
60012514,30002762
60013195,30002762
60000547,30002763
60000550,30002763
60012523,30002763
60013192,30002763
60000409,30002764
60000412,30002764
60000538,30002764
60000541,30002764
60001492,30002764
60002716,30002764
60002719,30002764
60002869,30002764
60003166,30002764
60003202,30002764
60003205,30002764
60012508,30002764
60012517,30002764
60002860,30002765
60003169,30002765
60000406,30002766
60000415,30002766
60000544,30002766
60000553,30002766
60001489,30002766
60001495,30002766
60002722,30002766
60002863,30002766
60012520,30002766
60013189,30002766
60013198,30002766
60001474,30002767
60001702,30002767
60002338,30002767
60004180,30002767
60001696,30002768
60002332,30002768
60004189,30002768
60000751,30002769
60001819,30002769
60004174,30002769
60004177,30002769
60004183,30002769
60004186,30002769
60013252,30002769
60001471,30002770
60001618,30002770
60001612,30002771
60001615,30002771
60001822,30002771
60002329,30002771
60004441,30002771
60013258,30002771
60001477,30002772
60001609,30002772
60001699,30002772
60013255,30002772
60000637,30002773
60000640,30002773
60000643,30002773
60000742,30002773
60000745,30002773
60002335,30002773
60000748,30002774
60001693,30002774
60013249,30002774
60000610,30002775
60001435,30002775
60001441,30002775
60001681,30002775
60001687,30002775
60002752,30002775
60004087,30002775
60004438,30002775
60000010,30002776
60001309,30002776
60001312,30002776
60001315,30002776
60002701,30002776
60002758,30002776
60002764,30002776
60010102,30002776
60010108,30002776
60010114,30002776
60010117,30002776
60014683,30002776
60001690,30002777
60010105,30002777
60010111,30002777
60000016,30002778
60000019,30002778
60002698,30002778
60002704,30002778
60003343,30002778
60004090,30002778
60004096,30002778
60000007,30002779
60000013,30002779
60000613,30002779
60000616,30002779
60002755,30002779
60002761,30002779
60003340,30002779
60004099,30002779
60000004,30002780
60001306,30002780
60001438,30002780
60001684,30002780
60002767,30002780
60004084,30002780
60004093,30002780
60000880,30002781
60003418,30002781
60002773,30002782
60000883,30002783
60003115,30002783
60003121,30002783
60003130,30002783
60003421,30002783
60004162,30002783
60004165,30002783
60004168,30002783
60004456,30002783
60000664,30002784
60002776,30002784
60002782,30002784
60004159,30002784
60015146,30002784
60003118,30002785
60003133,30002785
60004156,30002785
60000658,30002786
60000667,30002786
60002770,30002786
60002779,30002786
60002785,30002786
60004171,30002786
60000661,30002787
60000886,30002787
60000889,30002787
60001744,30002788
60001750,30002788
60002263,30002788
60002266,30002788
60002710,30002788
60004354,30002788
60000931,30002789
60000937,30002789
60002707,30002789
60007441,30002789
60007444,30002789
60007453,30002789
60001192,30002790
60001207,30002790
60002260,30002790
60004351,30002790
60001195,30002791
60001201,30002791
60001204,30002791
60001507,30002791
60001513,30002791
60001741,30002791
60000928,30002792
60001198,30002792
60001510,30002792
60001747,30002792
60002257,30002792
60002713,30002792
60004357,30002792
60014668,30002792
60000934,30002793
60004348,30002793
60007447,30002793
60007450,30002793
60007456,30002793
60000631,30002794
60002614,30002794
60004411,30002794
60006007,30002794
60004414,30002795
60006010,30002795
60015132,30002795
60002608,30002796
60002611,30002796
60004408,30002796
60000556,30002797
60000559,30002797
60000628,30002797
60000634,30002797
60003847,30002797
60003850,30002797
60006004,30002797
60006013,30002797
60006016,30002797
60000565,30002798
60000568,30002798
60000571,30002798
60002617,30002798
60002620,30002798
60002623,30002798
60003748,30002798
60003853,30002798
60006019,30002798
60000562,30002799
60003844,30002799
60003856,30002799
60003859,30002799
60004417,30002799
60000622,30002800
60000856,30002800
60001453,30002800
60001789,30002800
60001792,30002800
60002413,30002800
60002836,30002800
60003031,30002800
60003805,30002800
60005563,30002800
60005566,30002800
60000430,30002801
60000679,30002801
60000862,30002801
60002410,30002801
60002827,30002801
60003790,30002801
60003793,30002801
60004120,30002801
60004126,30002801
60004300,30002801
60005557,30002801
60005560,30002801
60005569,30002801
60000433,30002802
60000436,30002802
60000445,30002802
60000619,30002802
60000625,30002802
60000670,30002802
60000793,30002802
60000796,30002802
60000859,30002802
60002731,30002802
60002824,30002802
60002833,30002802
60003022,30002802
60003025,30002802
60003802,30002802
60004306,30002802
60005572,30002802
60000799,30002803
60000865,30002803
60001528,30002803
60003796,30002803
60004123,30002803
60004309,30002803
60000439,30002804
60000442,30002804
60001459,30002804
60001531,30002804
60002725,30002804
60002728,30002804
60002830,30002804
60002839,30002804
60003028,30002804
60003799,30002804
60004132,30002804
60000673,30002805
60000676,30002805
60001456,30002805
60001525,30002805
60001534,30002805
60004129,30002805
60004135,30002805
60004303,30002805
60000703,30002806
60000850,30002806
60003100,30002806
60000697,30002808
60000847,30002808
60005197,30002809
60015072,30002809
60000700,30002810
60003103,30002810
60003097,30002811
60005206,30002811
60000694,30002812
60000853,30002812
60005200,30002812
60005203,30002813
60003379,30002814
60003451,30002814
60000427,30002815
60000718,30002815
60001348,30002815
60001351,30002815
60001447,30002815
60001774,30002815
60002041,30002815
60002986,30002815
60003448,30002815
60003772,30002815
60003775,30002815
60000421,30002816
60001345,30002816
60001444,30002816
60001771,30002816
60002044,30002816
60003784,30002816
60000424,30002817
60000724,30002817
60000727,30002817
60000832,30002817
60000835,30002817
60002992,30002817
60003781,30002817
60000418,30002818
60001342,30002818
60002995,30002818
60003778,30002818
60000721,30002819
60000829,30002819
60001450,30002819
60002989,30002819
60003376,30002819
60003787,30002819
60014917,30002904
60014894,30002937
60014871,30002953
60015058,30002957
60015057,30002960
60006526,30002964
60006520,30002965
60006529,30002966
60006523,30002967
60015138,30002967
60001189,30002969
60007042,30002969
60008995,30002969
60001180,30002970
60001186,30002970
60007039,30002970
60007051,30002970
60008212,30002971
60008989,30002971
60007048,30002972
60007054,30002972
60008215,30002972
60008302,30002972
60008986,30002972
60001174,30002973
60001177,30002973
60001183,30002973
60007045,30002973
60008218,30002973
60008296,30002973
60008299,30002973
60008992,30002973
60008221,30002974
60008305,30002974
60015137,30002974
60007021,30002975
60007030,30002975
60007036,30002975
60008551,30002975
60007024,30002977
60008542,30002977
60007033,30002978
60010675,30002978
60015054,30002978
60010672,30002979
60015056,30002979
60008545,30002980
60008548,30002980
60007027,30002981
60015055,30002981
60008074,30002982
60008905,30002982
60008911,30002982
60008068,30002983
60006508,30002984
60006514,30002984
60006517,30002984
60008077,30002984
60008902,30002984
60006511,30002986
60008071,30002986
60008908,30002987
60003634,30002988
60003640,30002988
60003646,30002988
60006616,30002988
60006619,30002988
60006622,30002988
60006625,30002988
60008536,30002988
60006772,30002989
60007849,30002989
60003643,30002990
60003637,30002992
60006778,30002992
60008530,30002992
60003649,30002993
60007840,30002993
60007843,30002993
60007846,30002993
60008533,30002993
60008539,30002993
60014611,30002993
60006775,30002994
60002500,30002995
60002503,30002995
60014521,30002995
60002509,30002996
60010744,30002996
60010747,30002996
60010750,30002997
60002506,30003000
60002512,30003000
60002515,30003000
60014518,30003000
60014524,30003000
60006808,30003001
60006814,30003001
60007864,30003001
60009178,30003001
60009193,30003001
60007204,30003003
60007870,30003003
60007873,30003003
60009181,30003003
60009187,30003003
60007201,30003004
60007867,30003004
60009184,30003004
60009190,30003004
60006811,30003005
60003652,30003010
60010309,30003010
60011626,30003010
60011998,30003010
60014485,30003010
60003655,30003011
60003661,30003011
60003664,30003011
60009523,30003011
60011629,30003011
60003658,30003012
60009517,30003013
60011632,30003013
60014482,30003013
60014488,30003013
60009514,30003014
60009520,30003014
60010315,30003014
60011995,30003014
60003667,30003015
60011635,30003015
60010312,30003016
60012001,30003016
60010252,30003017
60010258,30003017
60011101,30003017
60014698,30003017
60010255,30003018
60010261,30003018
60011107,30003018
60012061,30003018
60012055,30003020
60012058,30003022
60011095,30003023
60011098,30003023
60011104,30003023
60011110,30003023
60012052,30003023
60009862,30003024
60010219,30003024
60011689,30003024
60009850,30003025
60010216,30003025
60010618,30003025
60011506,30003025
60011686,30003025
60011695,30003025
60009361,30003026
60009865,30003026
60010621,30003026
60009859,30003027
60009352,30003028
60009358,30003028
60011113,30003028
60011128,30003028
60011509,30003028
60011692,30003028
60009355,30003029
60009853,30003029
60010222,30003029
60011122,30003029
60011125,30003029
60009856,30003030
60010225,30003030
60011116,30003030
60011119,30003030
60005833,30003031
60009703,30003031
60012649,30003031
60009700,30003033
60010594,30003033
60010597,30003033
60009706,30003034
60005824,30003035
60012652,30003035
60005839,30003036
60009697,30003036
60005827,30003037
60005830,30003037
60005836,30003037
60009694,30003037
60009709,30003037
60012655,30003037
60002650,30003038
60010486,30003038
60009304,30003039
60014725,30003039
60002659,30003040
60009769,30003040
60010489,30003040
60010579,30003040
60011569,30003040
60002647,30003041
60002653,30003041
60009313,30003041
60009766,30003041
60002644,30003042
60002656,30003042
60009307,30003042
60009772,30003042
60009775,30003042
60009310,30003043
60010576,30003043
60003535,30003046
60003538,30003047
60003541,30003048
60010120,30003048
60010861,30003048
60013282,30003048
60011659,30003049
60011656,30003050
60003532,30003051
60011320,30003051
60003529,30003052
60011650,30003052
60013285,30003052
60003526,30003053
60010126,30003053
60010867,30003054
60011653,30003054
60010123,30003055
60010129,30003055
60010864,30003055
60011317,30003055
60001366,30003057
60001372,30003057
60009778,30003057
60009781,30003057
60010588,30003057
60012373,30003057
60014554,30003057
60001369,30003058
60009787,30003058
60011548,30003058
60011551,30003058
60012367,30003058
60012370,30003058
60012379,30003058
60014560,30003058
60014746,30003058
60009784,30003059
60012364,30003059
60014557,30003059
60001375,30003060
60003274,30003060
60003277,30003060
60010591,30003060
60011347,30003060
60011350,30003060
60012376,30003061
60006832,30003063
60006826,30003064
60002197,30003066
60006829,30003066
60002203,30003067
60015059,30003067
60002200,30003068
60002206,30003068
60014563,30003068
60014566,30003068
60014569,30003068
60015060,30003069
60015065,30003070
60006196,30003071
60013102,30003071
60008107,30003072
60015064,30003072
60006373,30003073
60008113,30003073
60010771,30003073
60006205,30003074
60013096,30003074
60015066,30003074
60006199,30003075
60006202,30003075
60006364,30003075
60010774,30003075
60015135,30003075
60008104,30003076
60015136,30003076
60006370,30003077
60006376,30003077
60008110,30003077
60013099,30003077
60010777,30003078
60013093,30003078
60006367,30003079
60006379,30003079
60000067,30003081
60000058,30003082
60000064,30003082
60000070,30003082
60000073,30003083
60000061,30003084
60012793,30003086
60012790,30003088
60015062,30003088
60015061,30003089
60015063,30003091
60001282,30003092
60001288,30003092
60001291,30003092
60005968,30003092
60005974,30003092
60007711,30003092
60008188,30003092
60008191,30003092
60008344,30003092
60008347,30003092
60014614,30003092
60005980,30003093
60005983,30003093
60001285,30003094
60005971,30003094
60008353,30003094
60008197,30003095
60005977,30003096
60008194,30003096
60008350,30003097
60014918,30003109
60014872,30003121
60014895,30003147
60013381,30003269
60013405,30003271
60013465,30003271
60013357,30003274
60013468,30003275
60013360,30003276
60013408,30003276
60013384,30003278
60013471,30003279
60013549,30003280
60013552,30003281
60014092,30003281
60014089,30003283
60013546,30003284
60013387,30003286
60013390,30003286
60013417,30003287
60013519,30003287
60013522,30003287
60013525,30003287
60014446,30003287
60014449,30003287
60013363,30003289
60013366,30003289
60013420,30003289
60010030,30003293
60010045,30003293
60010033,30003294
60013441,30003294
60010036,30003295
60013444,30003297
60003319,30003298
60010039,30003298
60003316,30003299
60010042,30003300
60013492,30003305
60013495,30003305
60013498,30003307
60010546,30003309
60013411,30003311
60013540,30003312
60010549,30003314
60013393,30003314
60013414,30003317
60013537,30003317
60014416,30003317
60014419,30003317
60013396,30003318
60013543,30003318
60013534,30003321
60011275,30003322
60013531,30003322
60014410,30003322
60011278,30003323
60013369,30003323
60013372,30003323
60014413,30003323
60013528,30003324
60011281,30003326
60011284,30003326
60013462,30003327
60009952,30003328
60009955,30003328
60013489,30003329
60014122,30003329
60013459,30003330
60009943,30003332
60009946,30003332
60009949,30003332
60013483,30003333
60014119,30003333
60009940,30003334
60013486,30003335
60013435,30003338
60013474,30003338
60013480,30003338
60013438,30003339
60013477,30003339
60001885,30003342
60001891,30003342
60001894,30003342
60013453,30003342
60013510,30003342
60001888,30003343
60013456,30003343
60013375,30003344
60013513,30003344
60013516,30003344
60013378,30003345
60011215,30003349
60011218,30003349
60013426,30003350
60011221,30003351
60011224,30003351
60013423,30003353
60013429,30003355
60013432,30003360
60009250,30003361
60009259,30003361
60009265,30003361
60013504,30003361
60009253,30003362
60009262,30003362
60013501,30003363
60013507,30003363
60009256,30003364
60002101,30003368
60002104,30003368
60002518,30003368
60013447,30003368
60002533,30003369
60013399,30003369
60002527,30003370
60002530,30003370
60002107,30003371
60002524,30003371
60002521,30003372
60002110,30003373
60013402,30003373
60013450,30003373
60004627,30003374
60004924,30003374
60006061,30003374
60010741,30003374
60012355,30003374
60012358,30003374
60012361,30003374
60004930,30003375
60010738,30003375
60012346,30003375
60004927,30003376
60006436,30003376
60007465,30003376
60007471,30003376
60012349,30003376
60004624,30003377
60004933,30003377
60006058,30003377
60006442,30003377
60006445,30003377
60014782,30003377
60004630,30003378
60007462,30003378
60007468,30003378
60007474,30003378
60012352,30003378
60005287,30003379
60005290,30003379
60005293,30003379
60005296,30003379
60005299,30003379
60005302,30003379
60007459,30003379
60004633,30003380
60006439,30003380
60010735,30003380
60010552,30003381
60010555,30003385
60007417,30003387
60015052,30003388
60002137,30003389
60002140,30003389
60006088,30003389
60006091,30003389
60007411,30003389
60014077,30003389
60014080,30003389
60002143,30003390
60007414,30003390
60005305,30003391
60005308,30003391
60005314,30003391
60005317,30003391
60005320,30003391
60007405,30003391
60007408,30003391
60007420,30003391
60010432,30003391
60010435,30003391
60002146,30003392
60005311,30003392
60000040,30003393
60000043,30003393
60007546,30003393
60000055,30003394
60001354,30003394
60001363,30003394
60004507,30003394
60004513,30003394
60014125,30003394
60014128,30003394
60000052,30003395
60001357,30003396
60004510,30003396
60004942,30003396
60004945,30003396
60006094,30003396
60006097,30003396
60000049,30003397
60001360,30003397
60011455,30003397
60011458,30003397
60004936,30003398
60004939,30003398
60011452,30003398
60000046,30003399
60007537,30003399
60007540,30003399
60007543,30003399
60005332,30003400
60005335,30003400
60004636,30003401
60014083,30003402
60004639,30003403
60004642,30003404
60014086,30003404
60005338,30003405
60006067,30003405
60005329,30003406
60005323,30003407
60006064,30003407
60004645,30003408
60005326,30003408
60014776,30003408
60014101,30003409
60014809,30003410
60005419,30003411
60005425,30003412
60005428,30003412
60005719,30003412
60014104,30003412
60004480,30003413
60004483,30003413
60004486,30003413
60005416,30003413
60005722,30003413
60006043,30003413
60005422,30003414
60006040,30003414
60005413,30003415
60003493,30003416
60005377,30003416
60005386,30003416
60014818,30003416
60003502,30003417
60005383,30003418
60003499,30003419
60003496,30003420
60003505,30003420
60005389,30003420
60003490,30003421
60005380,30003421
60005392,30003421
60004663,30003422
60004669,30003422
60004660,30003423
60010753,30003423
60013273,30003423
60010759,30003426
60004666,30003427
60010756,30003427
60013270,30003427
60001270,30003428
60012286,30003428
60000094,30003429
60000109,30003429
60001279,30003429
60012277,30003429
60000100,30003430
60000106,30003430
60001273,30003430
60001276,30003430
60004702,30003430
60006556,30003430
60006559,30003430
60011416,30003430
60011422,30003430
60012289,30003430
60004705,30003431
60012280,30003431
60000097,30003432
60000103,30003432
60004696,30003432
60004699,30003432
60011419,30003432
60012274,30003432
60012283,30003432
60006562,30003433
60006565,30003433
60001939,30003434
60005029,30003434
60001933,30003436
60001936,30003436
60001942,30003436
60005020,30003436
60005026,30003436
60005023,30003437
60006079,30003441
60014803,30003441
60005254,30003442
60005260,30003442
60005251,30003443
60005263,30003443
60006076,30003443
60005257,30003444
60005266,30003444
60004504,30003447
60004948,30003447
60010144,30003447
60010150,30003447
60010153,30003447
60009220,30003448
60004498,30003449
60004501,30003449
60004951,30003449
60009229,30003449
60010147,30003449
60004954,30003451
60004957,30003451
60009214,30003451
60009217,30003451
60009226,30003451
60009223,30003452
60004714,30003453
60004717,30003453
60009232,30003453
60009235,30003453
60009238,30003453
60009241,30003453
60009244,30003453
60009247,30003453
60014812,30003453
60014785,30003456
60004708,30003457
60004711,30003458
60007621,30003462
60004495,30003464
60007630,30003464
60007627,30003465
60004489,30003466
60004492,30003466
60007624,30003466
60001033,30003467
60001036,30003467
60001042,30003467
60005809,30003467
60014116,30003467
60014830,30003467
60003313,30003468
60005815,30003468
60014794,30003468
60001045,30003469
60014113,30003469
60001030,30003470
60005812,30003470
60005821,30003470
60012631,30003470
60001039,30003471
60005806,30003471
60003310,30003472
60005818,30003472
60012634,30003472
60012637,30003472
60008284,30003473
60008290,30003473
60011200,30003473
60012709,30003473
60014638,30003473
60007828,30003474
60007831,30003474
60008287,30003474
60011197,30003474
60012703,30003475
60011194,30003476
60007834,30003479
60007837,30003479
60011191,30003479
60008293,30003480
60012706,30003480
60002116,30003482
60014617,30003482
60006304,30003484
60002122,30003485
60002113,30003486
60002119,30003486
60006292,30003486
60006295,30003486
60006298,30003486
60006301,30003486
60006307,30003486
60008872,30003487
60008941,30003487
60010099,30003487
60002173,30003488
60002176,30003488
60002179,30003488
60002182,30003488
60003268,30003488
60003271,30003488
60006400,30003488
60006406,30003488
60006409,30003488
60008164,30003488
60008167,30003488
60008173,30003488
60008869,30003488
60008944,30003488
60008947,30003488
60010084,30003488
60010087,30003488
60010090,30003488
60010093,30003488
60014629,30003489
60006403,30003490
60008866,30003490
60010096,30003490
60008875,30003491
60008938,30003491
60008170,30003492
60008431,30003493
60006001,30003494
60008668,30003494
60005995,30003496
60008428,30003496
60008671,30003496
60005986,30003497
60008437,30003497
60005989,30003498
60008434,30003498
60008674,30003498
60005992,30003499
60005998,30003499
60005068,30003502
60005071,30003502
60006346,30003502
60006349,30003502
60006352,30003502
60006355,30003502
60008056,30003502
60008059,30003502
60008065,30003502
60005074,30003503
60006358,30003503
60006361,30003503
60008062,30003505
60005065,30003506
60005536,30003507
60009271,30003507
60009283,30003507
60009883,30003507
60006916,30003508
60006919,30003508
60008659,30003508
60009280,30003508
60005530,30003509
60005533,30003509
60008665,30003509
60009871,30003509
60009874,30003509
60009274,30003510
60009868,30003510
60006922,30003511
60009277,30003511
60009880,30003511
60005521,30003512
60005524,30003512
60005527,30003512
60008662,30003512
60009268,30003512
60009877,30003512
60007852,30003514
60007858,30003514
60006925,30003516
60006931,30003516
60006928,30003517
60007855,30003517
60007861,30003517
60006910,30003521
60008656,30003521
60008650,30003522
60014632,30003522
60015050,30003524
60006907,30003525
60006913,30003525
60008653,30003525
60003691,30003528
60007126,30003528
60003697,30003529
60003688,30003530
60006331,30003530
60006334,30003530
60007117,30003530
60008413,30003530
60006337,30003531
60008404,30003531
60003700,30003532
60006934,30003532
60006937,30003532
60007120,30003532
60008407,30003532
60006328,30003533
60007114,30003533
60003694,30003534
60003703,30003534
60006340,30003534
60006343,30003534
60007123,30003534
60006940,30003535
60007111,30003535
60008410,30003537
60006994,30003541
60008677,30003541
60008680,30003541
60010696,30003541
60010699,30003541
60006991,30003542
60008683,30003543
60006412,30003545
60006784,30003546
60006787,30003546
60006421,30003547
60006415,30003550
60006418,30003552
60006781,30003552
60006958,30003553
60007387,30003553
60007402,30003553
60010141,30003553
60007396,30003554
60010132,30003554
60006955,30003555
60007525,30003555
60007531,30003555
60010138,30003555
60010135,30003556
60007393,30003557
60007399,30003557
60007528,30003557
60007534,30003557
60007390,30003558
60006451,30003559
60006457,30003559
60006652,30003559
60006454,30003560
60006448,30003562
60006655,30003562
60006661,30003562
60006658,30003563
60009433,30003566
60013351,30003568
60009439,30003569
60009430,30003570
60010390,30003570
60014701,30003570
60010393,30003571
60009436,30003572
60013348,30003572
60005953,30003573
60009496,30003573
60009910,30003573
60009919,30003573
60010519,30003573
60011953,30003573
60005956,30003574
60005959,30003574
60009490,30003574
60009730,30003574
60009733,30003574
60010663,30003574
60011950,30003574
60012688,30003574
60005950,30003575
60009913,30003575
60012685,30003575
60005965,30003576
60009904,30003576
60010516,30003576
60010915,30003576
60011956,30003576
60009493,30003577
60009907,30003577
60009916,30003577
60010921,30003577
60005962,30003578
60009499,30003578
60009736,30003578
60009739,30003578
60010660,30003578
60010918,30003578
60012076,30003578
60012079,30003578
60012082,30003578
60012085,30003578
60012691,30003578
60006904,30003579
60011059,30003579
60011065,30003579
60011752,30003580
60011062,30003582
60009325,30003584
60011068,30003584
60011074,30003584
60011365,30003584
60011368,30003584
60011755,30003584
60011761,30003584
60011764,30003584
60006898,30003585
60011758,30003585
60006901,30003586
60009316,30003586
60009319,30003586
60009322,30003586
60011071,30003586
60011767,30003586
60009532,30003588
60009535,30003588
60010480,30003588
60011041,30003588
60011044,30003588
60011047,30003588
60011056,30003588
60011992,30003588
60009526,30003589
60011989,30003589
60011053,30003590
60011512,30003590
60011986,30003590
60011050,30003591
60011515,30003592
60009529,30003593
60010483,30003593
60009541,30003594
60009622,30003594
60009628,30003594
60009637,30003594
60010357,30003594
60010360,30003594
60009547,30003595
60009625,30003595
60011344,30003595
60009631,30003598
60010354,30003598
60009538,30003600
60009634,30003600
60011341,30003600
60009544,30003601
60010630,30003602
60010633,30003602
60011812,30003602
60011818,30003602
60011329,30003603
60011332,30003603
60009448,30003604
60011809,30003604
60012658,30003604
60012661,30003604
60011815,30003606
60012664,30003606
60009442,30003607
60009445,30003607
60009451,30003607
60011806,30003607
60011821,30003607
60014919,30003611
60014896,30003648
60014873,30003666
60014920,30003689
60014897,30003697
60014874,30003701
60009376,30003787
60010954,30003787
60014737,30003787
60009385,30003788
60009667,30003788
60010963,30003788
60011374,30003788
60011377,30003788
60015088,30003788
60009382,30003789
60010960,30003789
60009670,30003790
60009673,30003790
60010957,30003790
60009658,30003791
60009664,30003791
60009379,30003792
60009661,30003792
60010951,30003792
60011371,30003792
60015089,30003792
60010966,30003793
60005923,30003794
60005929,30003794
60009508,30003794
60011701,30003794
60011893,30003794
60013330,30003794
60013333,30003794
60005917,30003795
60010471,30003795
60010879,30003795
60015090,30003795
60001852,30003796
60001858,30003796
60006874,30003796
60009505,30003796
60010468,30003796
60011536,30003796
60011539,30003796
60011878,30003796
60011890,30003796
60005926,30003797
60011707,30003797
60005914,30003798
60006871,30003798
60010882,30003798
60011704,30003798
60014731,30003798
60001849,30003799
60001855,30003799
60005920,30003799
60006877,30003799
60009502,30003799
60009511,30003799
60010885,30003799
60011698,30003799
60011881,30003799
60011884,30003799
60011887,30003799
60015091,30003799
60002152,30003800
60009328,30003800
60002149,30003801
60002158,30003801
60003595,30003801
60005434,30003801
60009337,30003801
60011524,30003801
60012016,30003801
60012019,30003801
60012025,30003801
60003583,30003802
60009334,30003802
60003592,30003803
60005431,30003803
60005437,30003803
60005443,30003803
60012022,30003803
60005446,30003804
60009331,30003804
60011527,30003804
60002155,30003805
60003580,30003805
60003586,30003805
60003589,30003805
60005440,30003805
60005128,30003806
60009568,30003806
60009571,30003806
60009580,30003806
60010903,30003806
60012091,30003806
60005131,30003807
60009574,30003807
60012682,30003807
60009847,30003808
60010897,30003808
60012088,30003808
60013213,30003808
60013219,30003808
60009577,30003809
60005134,30003810
60009124,30003810
60009127,30003810
60009130,30003810
60009136,30003810
60009139,30003810
60009583,30003810
60009841,30003810
60010900,30003810
60012094,30003810
60012097,30003810
60012676,30003810
60012679,30003810
60013216,30003810
60005125,30003811
60009133,30003811
60009838,30003811
60009844,30003811
60013222,30003811
60009475,30003812
60009469,30003814
60009472,30003816
60009466,30003817
60006568,30003818
60006574,30003818
60006577,30003818
60011242,30003818
60011641,30003818
60011770,30003818
60011782,30003818
60012439,30003818
60012442,30003818
60012445,30003818
60012448,30003818
60012451,30003818
60013336,30003818
60013339,30003818
60006835,30003819
60006838,30003819
60011644,30003819
60011779,30003819
60011785,30003819
60012436,30003819
60014722,30003819
60011245,30003820
60011773,30003820
60011776,30003820
60006571,30003821
60006841,30003821
60011248,30003821
60011239,30003822
60011638,30003823
60011647,30003823
60009052,30003824
60009067,30003824
60010999,30003824
60010987,30003825
60015085,30003825
60009055,30003826
60009058,30003826
60009061,30003826
60009745,30003826
60009751,30003826
60010993,30003826
60011002,30003826
60009748,30003827
60009064,30003828
60010990,30003828
60015086,30003828
60009742,30003829
60010996,30003829
60009424,30003830
60010636,30003830
60011731,30003830
60011824,30003830
60015145,30003830
60009829,30003831
60011572,30003831
60011722,30003831
60011830,30003831
60011833,30003831
60014572,30003831
60014578,30003831
60010639,30003832
60011725,30003832
60011728,30003832
60011836,30003833
60011839,30003833
60009826,30003834
60009832,30003834
60009835,30003834
60011827,30003834
60014575,30003834
60009427,30003835
60001390,30003836
60001393,30003836
60001396,30003836
60001399,30003836
60006799,30003836
60006805,30003836
60010327,30003836
60010330,30003836
60010333,30003836
60011008,30003836
60011017,30003836
60011014,30003837
60011011,30003838
60011020,30003839
60011356,30003839
60011005,30003840
60006802,30003842
60011353,30003842
60015084,30003842
60009820,30003843
60009814,30003845
60009823,30003845
60011326,30003845
60009817,30003848
60011323,30003848
60014707,30003850
60015087,30003853
60012403,30003859
60012406,30003860
60012409,30003860
60013933,30003860
60013936,30003860
60012400,30003861
60012415,30003861
60012412,30003862
60013825,30003863
60013828,30003863
60013858,30003863
60013837,30003873
60013975,30003878
60013978,30003878
60013840,30003879
60013981,30003888
60013984,30003888
60013855,30003890
60013990,30003897
60013987,30003899
60013960,30003905
60013843,30003908
60013957,30003909
60013849,30003912
60013951,30003912
60013954,30003912
60013969,30003920
60013972,30003921
60013831,30003922
60013966,30003923
60013963,30003926
60013846,30003928
60013948,30003930
60013852,30003933
60013945,30003935
60013834,30003939
60013939,30003939
60013942,30003939
60014921,30003979
60014898,30004000
60014875,30004034
60014922,30004059
60014899,30004061
60014876,30004062
60008509,30004077
60008803,30004077
60005092,30004078
60005932,30004078
60005941,30004078
60005947,30004078
60006238,30004078
60007729,30004078
60008515,30004078
60008794,30004078
60008797,30004078
60005095,30004079
60005944,30004079
60006250,30004079
60007804,30004079
60008506,30004079
60008800,30004079
60005938,30004080
60007807,30004080
60006241,30004081
60007813,30004081
60005089,30004082
60005935,30004082
60006244,30004082
60007810,30004082
60005098,30004083
60006247,30004083
60006253,30004083
60008512,30004083
60006979,30004084
60006982,30004084
60007966,30004084
60008623,30004084
60010228,30004084
60010231,30004084
60010234,30004084
60010237,30004084
60014581,30004084
60014584,30004084
60014587,30004084
60008626,30004087
60008629,30004087
60007960,30004088
60007969,30004088
60007963,30004090
60006739,30004091
60001156,30004092
60006742,30004092
60001162,30004093
60006943,30004093
60006736,30004094
60009148,30004094
60001168,30004095
60006946,30004095
60008614,30004095
60008620,30004095
60009142,30004095
60009145,30004095
60009151,30004095
60009157,30004095
60001159,30004096
60001171,30004096
60008617,30004096
60009154,30004096
60001165,30004097
60006817,30004098
60008008,30004098
60000241,30004099
60000247,30004099
60006208,30004099
60006214,30004099
60014590,30004099
60014593,30004099
60014596,30004099
60006211,30004100
60006823,30004100
60008014,30004100
60000253,30004101
60006745,30004101
60006748,30004101
60006751,30004101
60000238,30004102
60000244,30004102
60006217,30004102
60008011,30004102
60008965,30004102
60008968,30004102
60008971,30004102
60000250,30004103
60006820,30004103
60008017,30004103
60008962,30004103
60001228,30004104
60001234,30004104
60001240,30004104
60001414,30004104
60001420,30004104
60001423,30004104
60006763,30004104
60006769,30004104
60001231,30004106
60001237,30004106
60001243,30004106
60001417,30004106
60006766,30004106
60008464,30004110
60008470,30004111
60008473,30004111
60008854,30004111
60010279,30004111
60011470,30004111
60011473,30004111
60008467,30004112
60010276,30004112
60010282,30004112
60008860,30004113
60008863,30004113
60010285,30004114
60011476,30004114
60008857,30004115
60006862,30004120
60006868,30004120
60006865,30004121
60006160,30004122
60006169,30004122
60006757,30004122
60006760,30004122
60006889,30004122
60010642,30004122
60006895,30004123
60007234,30004124
60010645,30004126
60006163,30004127
60006166,30004127
60006754,30004128
60007231,30004128
60006892,30004129
60009010,30004130
60009019,30004133
60009013,30004134
60009016,30004134
60008314,30004136
60008308,30004137
60008311,30004137
60008317,30004137
60011491,30004139
60011494,30004139
60011488,30004141
60007726,30004142
60008641,30004142
60008815,30004142
60014641,30004142
60008644,30004146
60008812,30004146
60008647,30004147
60008806,30004147
60008809,30004147
60006145,30004153
60006136,30004154
60006139,30004154
60006142,30004154
60001006,30004155
60006277,30004155
60006280,30004155
60007984,30004155
60007990,30004155
60008632,30004155
60000997,30004156
60001009,30004156
60006274,30004156
60006283,30004156
60006286,30004156
60006289,30004156
60007993,30004156
60000994,30004157
60001000,30004157
60001003,30004157
60008635,30004157
60006949,30004160
60006952,30004160
60007987,30004160
60008638,30004160
60006187,30004230
60011464,30004232
60006193,30004233
60006184,30004234
60006190,30004235
60011461,30004235
60011467,30004235
60006121,30004236
60008380,30004237
60008383,30004237
60008389,30004237
60006112,30004238
60006115,30004239
60006118,30004239
60006973,30004239
60008386,30004239
60008566,30004239
60006976,30004240
60007717,30004240
60008569,30004240
60008572,30004240
60008575,30004241
60007924,30004242
60007933,30004242
60008116,30004242
60008125,30004242
60010024,30004242
60010021,30004244
60010012,30004245
60010015,30004245
60010018,30004245
60010027,30004245
60007927,30004246
60007930,30004246
60008119,30004247
60008122,30004247
60000139,30004248
60000145,30004248
60001387,30004248
60008152,30004248
60008161,30004248
60012382,30004248
60000136,30004249
60001378,30004249
60001381,30004249
60001384,30004249
60012394,30004249
60000130,30004250
60000142,30004250
60012391,30004250
60008155,30004251
60012385,30004251
60012397,30004251
60008158,30004252
60000133,30004253
60012388,30004253
60001294,30004254
60001297,30004254
60001300,30004254
60001303,30004254
60007222,30004254
60007705,30004254
60010690,30004254
60010693,30004260
60006997,30004261
60007000,30004261
60007219,30004264
60014623,30004267
60008323,30004268
60010531,30004268
60008320,30004269
60008326,30004269
60008329,30004269
60010528,30004272
60008830,30004273
60008836,30004273
60013312,30004273
60013315,30004275
60008839,30004276
60008833,30004277
60014647,30004277
60001123,30004280
60001129,30004280
60007945,30004280
60008446,30004280
60013003,30004280
60001132,30004281
60013000,30004281
60001126,30004282
60001120,30004283
60008443,30004283
60001135,30004284
60008440,30004284
60012997,30004284
60008449,30004286
60007936,30004287
60007939,30004287
60007942,30004287
60008479,30004288
60008485,30004288
60008851,30004288
60010267,30004288
60010273,30004288
60000178,30004289
60006712,30004289
60008842,30004289
60011395,30004289
60010270,30004291
60000172,30004292
60000169,30004293
60000175,30004293
60006715,30004293
60006718,30004293
60008845,30004293
60011389,30004293
60000166,30004295
60000181,30004295
60006721,30004295
60011392,30004295
60008476,30004296
60008482,30004296
60008848,30004296
60010264,30004296
60006667,30004297
60006670,30004297
60012694,30004297
60012700,30004297
60013162,30004297
60012697,30004298
60013153,30004298
60006673,30004299
60013159,30004299
60013156,30004300
60006664,30004302
60008899,30004303
60007954,30004304
60008893,30004304
60007708,30004306
60007951,30004308
60007948,30004309
60007957,30004309
60008890,30004309
60008896,30004309
60014900,30004333
60014923,30004379
60014877,30004386
60014924,30004453
60014901,30004463
60014878,30004492
60010828,30004502
60010825,30004504
60010831,30004504
60012583,30004504
60012586,30004504
60012589,30004518
60012592,30004518
60012910,30004617
60012913,30004617
60012250,30004618
60012253,30004618
60012784,30004619
60012862,30004619
60012787,30004621
60012865,30004621
60013072,30004621
60012247,30004623
60012859,30004623
60013993,30004623
60014925,30004678
60014902,30004694
60014879,30004702
60014940,30004706
60014941,30004707
60014944,30004708
60014942,30004709
60014943,30004709
60014945,30004710
60014946,30004711
60014926,30004712
60014947,30004718
60014949,30004719
60014950,30004720
60014948,30004721
60014951,30004722
60014952,30004723
60014880,30004765
60014903,30004789
60014927,30004852
60014904,30004863
60014881,30004883
60014905,30004902
60014928,30004908
60014882,30004921
60014906,30004935
60014883,30004962
60010906,30004967
60011617,30004967
60011623,30004967
60011749,30004967
60012004,30004967
60012007,30004967
60009646,30004968
60010780,30004968
60010912,30004968
60011620,30004968
60011746,30004968
60003262,30004969
60003265,30004969
60009640,30004969
60009643,30004969
60009649,30004969
60009652,30004969
60009655,30004969
60010783,30004969
60010909,30004969
60011314,30004969
60011737,30004969
60011740,30004969
60011743,30004969
60011917,30004969
60011920,30004969
60012013,30004969
60010786,30004970
60011914,30004970
60012010,30004970
60014689,30004971
60011311,30004972
60011614,30004972
60011734,30004972
60001408,30004973
60009811,30004973
60015142,30004973
60009163,30004974
60009160,30004975
60009175,30004975
60009808,30004975
60001402,30004976
60009169,30004976
60009172,30004976
60009802,30004976
60009805,30004976
60011662,30004976
60011665,30004976
60011668,30004976
60011671,30004976
60014539,30004976
60014542,30004976
60009166,30004977
60014536,30004977
60001405,30004978
60001411,30004978
60010933,30004979
60010939,30004979
60011335,30004980
60015080,30004980
60010936,30004981
60011338,30004981
60006793,30004983
60006796,30004983
60006790,30004985
60010678,30004987
60011359,30004988
60009712,30004989
60009724,30004989
60009715,30004991
60009727,30004991
60010681,30004991
60014710,30004991
60009718,30004992
60009721,30004992
60011362,30004992
60009928,30004993
60011602,30004993
60011608,30004993
60011935,30004993
60015144,30004993
60009922,30004994
60011932,30004994
60009925,30004995
60009931,30004998
60009934,30004998
60011599,30004998
60011611,30004998
60011938,30004998
60015081,30004998
60011596,30004999
60009937,30005000
60011605,30005000
60000112,30005001
60000124,30005001
60000127,30005001
60012607,30005001
60003280,30005002
60000115,30005003
60003283,30005003
60000118,30005004
60010447,30005004
60011968,30005005
60011974,30005005
60000121,30005007
60010444,30005007
60012604,30005007
60014728,30005007
60011971,30005008
60012610,30005008
60002227,30005009
60002230,30005009
60010159,30005009
60010969,30005009
60010975,30005009
60014713,30005009
60002224,30005010
60010162,30005010
60010165,30005010
60010984,30005010
60009487,30005011
60010156,30005011
60002221,30005012
60011941,30005012
60011944,30005012
60009478,30005014
60009481,30005014
60009484,30005014
60010972,30005014
60010978,30005014
60010981,30005014
60011947,30005014
60015049,30005015
60005221,30005016
60011092,30005016
60005227,30005017
60005503,30005017
60005506,30005017
60005509,30005017
60010207,30005017
60005512,30005018
60010210,30005018
60010213,30005018
60005515,30005019
60010375,30005019
60011080,30005019
60011086,30005019
60011590,30005019
60010204,30005020
60010372,30005020
60005230,30005021
60005224,30005022
60005518,30005022
60010378,30005022
60011077,30005022
60011089,30005022
60011083,30005023
60010723,30005024
60010768,30005024
60001984,30005025
60010720,30005025
60010765,30005025
60001981,30005026
60001987,30005026
60001990,30005026
60009454,30005026
60011965,30005026
60009457,30005027
60009460,30005027
60011959,30005027
60011962,30005027
60009463,30005029
60010762,30005029
60000214,30005030
60006682,30005030
60008578,30005030
60000205,30005031
60008584,30005031
60008716,30005031
60010501,30005031
60000202,30005032
60006676,30005032
60008719,30005032
60006679,30005033
60008581,30005034
60010498,30005034
60000208,30005035
60000211,30005035
60000217,30005035
60006685,30005035
60008587,30005035
60008713,30005035
60006970,30005036
60007015,30005036
60007018,30005036
60007186,30005036
60007243,30005036
60002215,30005037
60002209,30005038
60002212,30005038
60007246,30005038
60007819,30005038
60008686,30005038
60008692,30005038
60006967,30005039
60007003,30005039
60007252,30005039
60008602,30005039
60008611,30005039
60007009,30005040
60007255,30005040
60007258,30005040
60007825,30005040
60008608,30005040
60008689,30005040
60002218,30005041
60014599,30005042
60007006,30005043
60007012,30005043
60007183,30005043
60007249,30005043
60007816,30005043
60007822,30005043
60008605,30005043
60006646,30005044
60006649,30005044
60008698,30005044
60006643,30005045
60007780,30005045
60007786,30005045
60008200,30005045
60008209,30005045
60008695,30005045
60008701,30005045
60007783,30005046
60007900,30005046
60007903,30005046
60008206,30005047
60006640,30005048
60007789,30005048
60008203,30005048
60007906,30005049
60007909,30005049
60001909,30005050
60001912,30005050
60001918,30005050
60002584,30005050
60003484,30005050
60007723,30005050
60001915,30005051
60002587,30005051
60003475,30005051
60003487,30005052
60008554,30005052
60008557,30005052
60008563,30005052
60002572,30005053
60002578,30005053
60002581,30005053
60003472,30005053
60010462,30005053
60002575,30005054
60003481,30005054
60008560,30005054
60010465,30005054
60003478,30005055
60005182,30005056
60010708,30005056
60005173,30005057
60008455,30005057
60005176,30005058
60005179,30005058
60010711,30005058
60008461,30005059
60008452,30005060
60008458,30005060
60010405,30005062
60014656,30005063
60010402,30005065
60001975,30005069
60006172,30005069
60010423,30005069
60013015,30005069
60013018,30005069
60013021,30005069
60001972,30005070
60001978,30005070
60001969,30005072
60006178,30005073
60006175,30005074
60006181,30005074
60010420,30005075
60001966,30005076
60001957,30005078
60001963,30005078
60012484,30005078
60012472,30005079
60012478,30005079
60012481,30005079
60001960,30005080
60012475,30005080
60012487,30005080
60005539,30005082
60005542,30005082
60005545,30005082
60005548,30005082
60005551,30005082
60008704,30005082
60010564,30005082
60011446,30005083
60007354,30005084
60013276,30005084
60013279,30005084
60005554,30005085
60008707,30005085
60008710,30005085
60010567,30005085
60011443,30005085
60007357,30005086
60007366,30005086
60011449,30005086
60007351,30005087
60007360,30005087
60007363,30005087
60007066,30005192
60007060,30005193
60006382,30005194
60006388,30005194
60006394,30005194
60008098,30005194
60008101,30005194
60007072,30005195
60008092,30005195
60008095,30005195
60006391,30005196
60006397,30005196
60007057,30005196
60007063,30005196
60007069,30005196
60006385,30005197
60012265,30005198
60012739,30005199
60012259,30005200
60012268,30005200
60012256,30005204
60012271,30005204
60012736,30005204
60012916,30005204
60012922,30005204
60013354,30005204
60012919,30005205
60012262,30005206
60010654,30005207
60010657,30005207
60013117,30005208
60013123,30005209
60013126,30005211
60013120,30005212
60006628,30005214
60006637,30005214
60007198,30005214
60012613,30005216
60006631,30005217
60007195,30005217
60012616,30005217
60014500,30005217
60014503,30005217
60014506,30005217
60006634,30005219
60012619,30005219
60005638,30005221
60009031,30005221
60007885,30005222
60007879,30005224
60009028,30005224
60005635,30005225
60007882,30005225
60009022,30005225
60009025,30005225
60005629,30005227
60007876,30005227
60005632,30005228
60005641,30005228
60005644,30005228
60006124,30005229
60006130,30005229
60008392,30005229
60008398,30005229
60007978,30005230
60006127,30005231
60006133,30005231
60007189,30005231
60007981,30005231
60008401,30005231
60008821,30005231
60009202,30005231
60007972,30005232
60007975,30005232
60008818,30005232
60008827,30005232
60009208,30005232
60008824,30005233
60008395,30005234
60009211,30005234
60007192,30005235
60009196,30005235
60009199,30005235
60009205,30005235
60007714,30005236
60005893,30005237
60008149,30005237
60008260,30005237
60008269,30005237
60005878,30005238
60005890,30005238
60008140,30005238
60005881,30005239
60008143,30005239
60008146,30005239
60008266,30005240
60005884,30005241
60005887,30005241
60008263,30005242
60007921,30005243
60001330,30005244
60007720,30005244
60001336,30005245
60007915,30005245
60007918,30005246
60001333,30005247
60001339,30005248
60007912,30005248
60006700,30005250
60006706,30005250
60006709,30005250
60009994,30005250
60010009,30005250
60011479,30005250
60011482,30005250
60010000,30005251
60009997,30005252
60010006,30005253
60011485,30005253
60006703,30005254
60010003,30005254
60011227,30005255
60008278,30005256
60011233,30005256
60011236,30005256
60007093,30005257
60008272,30005257
60007099,30005258
60011230,30005258
60014626,30005258
60007105,30005259
60008275,30005259
60007096,30005260
60007102,30005260
60007108,30005260
60008281,30005260
60007795,30005261
60007801,30005261
60008176,30005261
60008179,30005261
60008182,30005261
60007792,30005262
60007798,30005262
60008185,30005263
60006985,30005264
60006988,30005264
60005500,30005268
60011257,30005268
60010426,30005269
60011260,30005269
60012646,30005269
60011251,30005270
60005485,30005271
60005491,30005271
60012643,30005271
60005497,30005272
60011254,30005272
60012640,30005272
60005488,30005273
60005494,30005273
60010429,30005273
60008245,30005275
60008596,30005275
60014602,30005275
60014650,30005275
60008239,30005276
60008590,30005276
60008593,30005276
60008599,30005276
60008242,30005279
60008236,30005280
60001057,30005289
60008356,30005289
60008365,30005289
60001060,30005290
60001063,30005290
60008359,30005290
60010684,30005290
60010687,30005290
60001054,30005291
60001051,30005292
60008362,30005293
60001048,30005294
60012067,30005295
60010369,30005296
60010612,30005296
60012070,30005296
60012073,30005296
60010615,30005297
60014704,30005297
60015083,30005297
60012064,30005298
60015082,30005298
60010363,30005300
60010366,30005300
60005209,30005301
60005218,30005301
60010399,30005301
60003253,30005302
60005212,30005302
60009559,30005302
60009562,30005302
60010303,30005302
60010306,30005302
60010870,30005302
60011398,30005302
60011401,30005302
60011404,30005302
60011575,30005302
60009553,30005303
60009550,30005304
60009556,30005304
60010300,30005304
60010396,30005304
60010873,30005304
60014719,30005305
60003250,30005306
60005215,30005306
60009565,30005306
60010876,30005306
60015143,30005307
60010339,30005308
60011212,30005308
60015092,30005308
60001930,30005309
60001921,30005310
60001924,30005310
60010342,30005310
60010834,30005310
60010837,30005310
60011203,30005311
60011209,30005311
60011530,30005311
60011533,30005311
60014479,30005311
60010336,30005312
60010648,30005312
60010651,30005312
60010840,30005312
60001927,30005313
60011206,30005313
60014473,30005313
60014476,30005313
60011581,30005315
60012109,30005315
60012994,30005315
60011521,30005316
60012103,30005316
60005575,30005317
60005581,30005317
60005587,30005317
60005590,30005317
60012100,30005317
60012106,30005317
60005578,30005318
60005584,30005319
60011518,30005319
60012988,30005319
60012991,30005319
60009403,30005320
60009409,30005320
60009400,30005321
60009406,30005321
60001951,30005322
60001954,30005322
60005155,30005322
60011587,30005322
60011899,30005322
60012931,30005322
60014494,30005322
60014497,30005322
60014695,30005322
60011908,30005323
60012925,30005323
60001945,30005324
60005152,30005325
60005158,30005325
60011905,30005325
60014491,30005325
60001948,30005328
60005149,30005328
60011896,30005328
60011902,30005328
60011911,30005328
60012928,30005328
60011560,30005329
60007666,30005330
60009607,30005330
60009610,30005330
60009799,30005330
60009790,30005332
60007660,30005333
60007663,30005333
60009604,30005333
60009613,30005333
60009616,30005333
60009619,30005333
60009793,30005333
60009796,30005333
60011563,30005333
60007657,30005334
60015025,30010141
60015005,30011392
60015001,30011407
60015009,30011672
60015041,30012505
60015037,30012547
60015013,30012715
60015045,30013410
60015021,30013489
60015029,30014971
60015017,30015042
60015033,30015305
60015026,30020141
60015006,30021392
60015002,30021407
60015010,30021672
60015042,30022505
60015038,30022547
60015014,30022715
60015046,30023410
60015022,30023489
60015030,30024971
60015018,30025042
60015034,30025305
60015027,30030141
60015007,30031392
60015003,30031407
60015011,30031672
60015043,30032505
60015039,30032547
60015015,30032715
60015047,30033410
60015023,30033489
60015031,30034971
60015019,30035042
60015035,30035305
60015028,30040141
60015008,30041392
60015004,30041407
60015012,30041672
60015044,30042505
60015040,30042547
60015016,30042715
60015048,30043410
60015024,30043489
60015032,30044971
60015020,30045042
60015036,30045305
60015076,30045306
60015105,30045306
60015106,30045307
60015107,30045308
60015108,30045309
60015109,30045310
60015110,30045313
60015111,30045314
60015075,30045316
60015112,30045317
60015113,30045317
60015078,30045319
60015114,30045320
60015115,30045322
60015116,30045322
60015117,30045322
60015070,30045324
60015131,30045324
60015118,30045326
60015119,30045326
60015120,30045329
60015147,30045329
60015121,30045330
60015122,30045330
60015069,30045332
60015123,30045333
60015124,30045335
60015068,30045339
60015074,30045339
60015079,30045340
60015125,30045341
60015126,30045344
60015127,30045348
60015128,30045348
60015129,30045348
60015077,30045349
60015130,30045349
60015073,30045352
60015148,31000005
60015149,31000005
60015150,31000005
60015151,31000005
